date,state,lf,lf_employed,lf_unemployed,lf_outside,p_rate,u_rate,lat,long
1/1/19,Johor,1713.7,1663.1,50.6,792.6,68.4,3,1.4854,103.7618
1/1/19,Kedah,913,890.7,22.3,495.3,64.8,2.4,6.1184,100.3685
1/1/19,Kelantan,704.4,683.3,21.1,417.1,62.8,3,6.1254,102.2381
1/1/19,Melaka,548.1,533.5,14.6,251.7,68.5,2.7,2.1896,102.2501
1/1/19,Negeri Sembilan,653.7,636.1,17.6,312.2,67.7,2.7,2.7258,101.9424
1/1/19,Pahang,747.3,728.6,18.7,381.2,66.2,2.5,3.8126,103.3256
1/1/19,Perak,1115.2,1083.2,31.9,601.3,65,2.9,4.5921,101.0901
1/1/19,Perlis,129.8,126.2,3.6,70.7,64.7,2.8,6.4449,100.2045
1/1/19,Pulau Pinang,800.6,780.5,20.1,363.2,68.8,2.5,5.4141,100.3288
1/1/19,Putrajaya,80.6,78.5,2.1,37,68.5,2.5,2.9264,101.6964
1/1/19,Sabah,1311.3,1244.6,66.7,729.7,64.2,5.1,5.9788,116.0753
1/1/19,Sarawak,1231.7,1193.5,38.2,613.4,66.8,3.1,1.5533,110.3592
1/1/19,Selangor,3289.6,3196.7,93,1319.7,71.4,2.8,3.0738,101.5183
1/1/19,Terengganu,602.3,583.4,18.9,331.6,64.5,3.1,5.329,103.137
1/1/19,W.P. Kuala Lumpur,1011.5,983.1,28.4,424.4,70.4,2.8,3.139,101.6869
1/1/19,W.P. Labuan,109.8,104.9,5,56.2,66.1,4.5,5.2831,115.2308
1/1/20,Johor,1731.2,1659.4,71.8,750.9,69.7,4.1,1.4854,103.7618
1/1/20,Kedah,907.8,872.7,35.1,498.4,64.6,3.9,6.1184,100.3685
1/1/20,Kelantan,701.4,669.6,31.9,423.4,62.4,4.5,6.1254,102.2381
1/1/20,Melaka,563.7,542.7,21,274,67.3,3.7,2.1896,102.2501
1/1/20,Negeri Sembilan,654.8,630.2,24.6,308.6,68,3.8,2.7258,101.9424
1/1/20,Pahang,755.6,727.1,28.5,370.6,67.1,3.8,3.8126,103.3256
1/1/20,Perak,1091.4,1045.6,45.8,594.3,64.7,4.2,4.5921,101.0901
1/1/20,Perlis,131.7,126.6,5.1,73.6,64.1,3.8,6.4449,100.2045
1/1/20,Pulau Pinang,808.1,775.4,32.8,369,68.7,4.1,5.4141,100.3288
1/1/20,Putrajaya,80.4,77.4,3,37.6,68.2,3.8,2.9264,101.6964
1/1/20,Sabah,1298.3,1213.8,84.5,742.5,63.6,6.5,5.9788,116.0753
1/1/20,Sarawak,1215.2,1163.4,51.8,591.3,67.3,4.3,1.5533,110.3592
1/1/20,Selangor,3334.3,3199.3,134.9,1403.3,70.4,4,3.0738,101.5183
1/1/20,Terengganu,594.5,567.5,27,316.3,65.3,4.5,5.329,103.137
1/1/20,W.P. Kuala Lumpur,992.2,951,41.2,416.6,70.4,4.1,3.139,101.6869
1/1/20,W.P. Labuan,109.9,103.5,6.4,54.4,66.9,5.8,5.2831,115.2308
1/1/21,Johor,1713.1,1642.2,70.9,781.9,68.7,4.1,1.4854,103.7618
1/1/21,Kedah,905.5,867.5,38,466.5,66,4.2,6.1184,100.3685
1/1/21,Kelantan,686.3,659.1,27.2,418,62.1,4,6.1254,102.2381
1/1/21,Melaka,550.8,532,18.7,261,67.8,3.4,2.1896,102.2501
1/1/21,Negeri Sembilan,646.8,619.1,27.8,326.1,66.5,4.3,2.7258,101.9424
1/1/21,Pahang,767.3,737.9,29.4,399.6,65.8,3.8,3.8126,103.3256
1/1/21,Perak,1092.9,1048.3,44.6,618.6,63.9,4.1,4.5921,101.0901
1/1/21,Perlis,129.4,124.6,4.8,72.9,63.9,3.7,6.4449,100.2045
1/1/21,Pulau Pinang,797.9,768.6,29.3,357,69.1,3.7,5.4141,100.3288
1/1/21,Putrajaya,79.7,76.9,2.8,36,68.9,3.5,2.9264,101.6964
1/1/21,Sabah,1311.9,1228.3,83.6,763.7,63.2,6.4,5.9788,116.0753
1/1/21,Sarawak,1196.4,1143.8,52.6,579.2,67.4,4.4,1.5533,110.3592
1/1/21,Selangor,3271.1,3144.4,126.7,1348.4,70.8,3.9,3.0738,101.5183
1/1/21,Terengganu,606.7,577.5,29.2,327.9,64.9,4.8,5.329,103.137
1/1/21,W.P. Kuala Lumpur,1015.1,974,41.1,438.2,69.8,4.1,3.139,101.6869
1/1/21,W.P. Labuan,112.7,106.5,6.1,55.1,67.2,5.5,5.2831,115.2308
1/1/22,Johor,1709.7,1657.1,52.7,767.3,69,3.1,1.4854,103.7618
1/1/22,Kedah,904.2,879.7,24.5,468.5,65.9,2.7,6.1184,100.3685
1/1/22,Kelantan,699.9,678.7,21.2,401.4,63.5,3,6.1254,102.2381
1/1/22,Melaka,551.7,536.1,15.6,265.5,67.5,2.8,2.1896,102.2501
1/1/22,Negeri Sembilan,650.7,631.2,19.5,307.8,67.9,3,2.7258,101.9424
1/1/22,Pahang,743.9,722.7,21.2,376.4,66.4,2.8,3.8126,103.3256
1/1/22,Perak,1099.2,1065.1,34.1,587,65.2,3.1,4.5921,101.0901
1/1/22,Perlis,131.8,127.9,3.9,75.6,63.5,3,6.4449,100.2045
1/1/22,Pulau Pinang,798.7,775.4,23.3,364.6,68.7,2.9,5.4141,100.3288
1/1/22,Putrajaya,81.8,79.4,2.3,37.3,68.7,2.9,2.9264,101.6964
1/1/22,Sabah,1314.7,1239,75.6,707.1,65,5.8,5.9788,116.0753
1/1/22,Sarawak,1193.6,1154.7,39,586.8,67,3.3,1.5533,110.3592
1/1/22,Selangor,3290.8,3202.4,88.5,1369,70.6,2.7,3.0738,101.5183
1/1/22,Terengganu,596.7,576.7,20,322.5,64.9,3.4,5.329,103.137
1/1/22,W.P. Kuala Lumpur,1013.4,977.3,36.1,445.8,69.4,3.6,3.139,101.6869
1/1/22,W.P. Labuan,110.1,105.1,5,56.6,66,4.5,5.2831,115.2308
10/1/19,Johor,1683,1632.8,50.3,795.6,67.9,3,1.4854,103.7618
10/1/19,Kedah,886.8,864.7,22,463.4,65.7,2.5,6.1184,100.3685
10/1/19,Kelantan,689.4,668.9,20.4,400.4,63.3,3,6.1254,102.2381
10/1/19,Melaka,547,531.9,15.1,254.9,68.2,2.8,2.1896,102.2501
10/1/19,Negeri Sembilan,642.1,624.1,18.1,329.1,66.1,2.8,2.7258,101.9424
10/1/19,Pahang,741,720.4,20.6,370.5,66.7,2.8,3.8126,103.3256
10/1/19,Perak,1089,1053.2,35.8,581,65.2,3.3,4.5921,101.0901
10/1/19,Perlis,131.6,127.8,3.7,73.9,64,2.8,6.4449,100.2045
10/1/19,Pulau Pinang,801.7,781.9,19.8,368.8,68.5,2.5,5.4141,100.3288
10/1/19,Putrajaya,78.4,76,2.4,36.9,68,3,2.9264,101.6964
10/1/19,Sabah,1288.4,1226.1,62.3,718.8,64.2,4.8,5.9788,116.0753
10/1/19,Sarawak,1170.5,1135.7,34.8,609.6,65.8,3,1.5533,110.3592
10/1/19,Selangor,3256.3,3159,97.3,1341.4,70.8,3,3.0738,101.5183
10/1/19,Terengganu,601.4,581.2,20.3,332.1,64.4,3.4,5.329,103.137
10/1/19,W.P. Kuala Lumpur,987.3,960.2,27,426.6,69.8,2.7,3.139,101.6869
10/1/19,W.P. Labuan,109.7,104.6,5.2,57,65.8,4.7,5.2831,115.2308
10/1/20,Johor,1698.1,1631,67.1,754.8,69.2,4,1.4854,103.7618
10/1/20,Kedah,905.2,871.1,34.1,472.6,65.7,3.8,6.1184,100.3685
10/1/20,Kelantan,686.6,656.3,30.3,414,62.4,4.4,6.1254,102.2381
10/1/20,Melaka,543.7,521.9,21.9,258.3,67.8,4,2.1896,102.2501
10/1/20,Negeri Sembilan,646.6,620.2,26.4,315.7,67.2,4.1,2.7258,101.9424
10/1/20,Pahang,748.1,718,30.1,407.5,64.7,4,3.8126,103.3256
10/1/20,Perak,1066.5,1020.6,45.8,573.7,65,4.3,4.5921,101.0901
10/1/20,Perlis,130.2,124.7,5.5,71,64.7,4.2,6.4449,100.2045
10/1/20,Pulau Pinang,789.1,759.9,29.2,349.7,69.3,3.7,5.4141,100.3288
10/1/20,Putrajaya,81.3,77.9,3.4,39.7,67.2,4.2,2.9264,101.6964
10/1/20,Sabah,1288.7,1207.7,81,706.5,64.6,6.3,5.9788,116.0753
10/1/20,Sarawak,1199.3,1146.4,52.9,579.9,67.4,4.4,1.5533,110.3592
10/1/20,Selangor,3303.6,3170.7,132.8,1322,71.4,4,3.0738,101.5183
10/1/20,Terengganu,590.2,563.1,27.1,325.1,64.5,4.6,5.329,103.137
10/1/20,W.P. Kuala Lumpur,996.8,955,41.7,438.9,69.4,4.2,3.139,101.6869
10/1/20,W.P. Labuan,107.7,101.3,6.4,55.8,65.9,5.9,5.2831,115.2308
10/1/21,Johor,1683.2,1623.8,59.4,791.1,68,3.5,1.4854,103.7618
10/1/21,Kedah,900.7,866.4,34.3,476.3,65.4,3.8,6.1184,100.3685
10/1/21,Kelantan,684.2,655.7,28.5,416.6,62.2,4.2,6.1254,102.2381
10/1/21,Melaka,541.2,520.7,20.5,252,68.2,3.8,2.1896,102.2501
10/1/21,Negeri Sembilan,646.5,619.9,26.6,316.3,67.1,4.1,2.7258,101.9424
10/1/21,Pahang,735.5,705.1,30.4,379.4,66,4.1,3.8126,103.3256
10/1/21,Perak,1104.4,1059.8,44.6,617.3,64.1,4,4.5921,101.0901
10/1/21,Perlis,130.6,125.4,5.3,72.5,64.3,4,6.4449,100.2045
10/1/21,Pulau Pinang,791.3,762.4,28.9,359.4,68.8,3.7,5.4141,100.3288
10/1/21,Putrajaya,80.2,77.3,2.8,39,67.3,3.5,2.9264,101.6964
10/1/21,Sabah,1285.5,1205.6,79.9,723.9,64,6.2,5.9788,116.0753
10/1/21,Sarawak,1181.5,1122.6,58.9,573.6,67.3,5,1.5533,110.3592
10/1/21,Selangor,3212.8,3095.6,117.2,1299.9,71.2,3.6,3.0738,101.5183
10/1/21,Terengganu,598.3,570.4,27.8,321.7,65,4.7,5.329,103.137
10/1/21,W.P. Kuala Lumpur,1003.1,961.7,41.4,427.5,70.1,4.1,3.139,101.6869
10/1/21,W.P. Labuan,106.5,100.3,6.1,52.5,67,5.8,5.2831,115.2308
10/1/22,Johor,1676.4,1620.1,56.3,773.3,68.4,3.4,1.4854,103.7618
10/1/22,Kedah,897.9,868.7,29.2,455.1,66.4,3.2,6.1184,100.3685
10/1/22,Kelantan,713.6,691.1,22.5,437.9,62,3.2,6.1254,102.2381
10/1/22,Melaka,541.8,527.8,14,261,67.5,2.6,2.1896,102.2501
10/1/22,Negeri Sembilan,642.4,623.4,19.1,327,66.3,3,2.7258,101.9424
10/1/22,Pahang,743.9,720.8,23.1,378.3,66.3,3.1,3.8126,103.3256
10/1/22,Perak,1097.1,1057.3,39.8,596.6,64.8,3.6,4.5921,101.0901
10/1/22,Perlis,129.2,125.4,3.7,76.3,62.9,2.9,6.4449,100.2045
10/1/22,Pulau Pinang,779.1,758.3,20.8,349.9,69,2.7,5.4141,100.3288
10/1/22,Putrajaya,79.1,76.8,2.3,37.7,67.7,2.9,2.9264,101.6964
10/1/22,Sabah,1282.7,1213.3,69.4,684.4,65.2,5.4,5.9788,116.0753
10/1/22,Sarawak,1198.3,1158.8,39.5,605.3,66.4,3.3,1.5533,110.3592
10/1/22,Selangor,3272.6,3189.9,82.8,1330,71.1,2.5,3.0738,101.5183
10/1/22,Terengganu,593.7,572.6,21.1,319.6,65,3.6,5.329,103.137
10/1/22,W.P. Kuala Lumpur,983.2,954.1,29.1,427.9,69.7,3,3.139,101.6869
10/1/22,W.P. Labuan,109.1,103.7,5.5,55.3,66.4,5,5.2831,115.2308
11/1/19,Johor,1695.3,1647.5,47.8,731.4,69.9,2.8,1.4854,103.7618
11/1/19,Kedah,900.7,876.7,24,464.7,66,2.7,6.1184,100.3685
11/1/19,Kelantan,691,671.5,19.6,401.4,63.3,2.8,6.1254,102.2381
11/1/19,Melaka,550.9,536.7,14.2,251.6,68.7,2.6,2.1896,102.2501
11/1/19,Negeri Sembilan,644.9,628.5,16.4,313.7,67.3,2.5,2.7258,101.9424
11/1/19,Pahang,753.3,733.4,19.8,407.4,64.9,2.6,3.8126,103.3256
11/1/19,Perak,1072.6,1038.6,34,600.6,64.1,3.2,4.5921,101.0901
11/1/19,Perlis,130.5,127.3,3.3,74.8,63.6,2.5,6.4449,100.2045
11/1/19,Pulau Pinang,772.3,750,22.3,352.3,68.7,2.9,5.4141,100.3288
11/1/19,Putrajaya,79.2,77.2,2,35.8,68.9,2.5,2.9264,101.6964
11/1/19,Sabah,1299.2,1233,66.2,741.5,63.7,5.1,5.9788,116.0753
11/1/19,Sarawak,1175.3,1137.4,37.8,583.5,66.8,3.2,1.5533,110.3592
11/1/19,Selangor,3280.7,3193.1,87.6,1309.3,71.5,2.7,3.0738,101.5183
11/1/19,Terengganu,601,580.1,20.9,329.5,64.6,3.5,5.329,103.137
11/1/19,W.P. Kuala Lumpur,1011.3,985.8,25.5,445.5,69.4,2.5,3.139,101.6869
11/1/19,W.P. Labuan,110.9,105.6,5.3,57.4,65.9,4.8,5.2831,115.2308
11/1/20,Johor,1694,1622.5,71.6,752.3,69.2,4.2,1.4854,103.7618
11/1/20,Kedah,899.5,860,39.5,465.3,65.9,4.4,6.1184,100.3685
11/1/20,Kelantan,693.3,663.7,29.6,395.4,63.7,4.3,6.1254,102.2381
11/1/20,Melaka,546.9,525.1,21.8,265.1,67.4,4,2.1896,102.2501
11/1/20,Negeri Sembilan,656.1,630.2,26,323.9,67,4,2.7258,101.9424
11/1/20,Pahang,737.9,710,27.9,382.5,65.9,3.8,3.8126,103.3256
11/1/20,Perak,1084.5,1035,49.5,580.5,65.1,4.6,4.5921,101.0901
11/1/20,Perlis,133,127,6,76,63.6,4.5,6.4449,100.2045
11/1/20,Pulau Pinang,798,766.9,31,360,68.9,3.9,5.4141,100.3288
11/1/20,Putrajaya,80.1,76.9,3.2,37.1,68.4,4,2.9264,101.6964
11/1/20,Sabah,1294.3,1212.5,81.8,726,64.1,6.3,5.9788,116.0753
11/1/20,Sarawak,1177.2,1121.5,55.7,604.5,66.1,4.7,1.5533,110.3592
11/1/20,Selangor,3274.4,3143.3,131,1360.8,70.6,4,3.0738,101.5183
11/1/20,Terengganu,601.8,574.3,27.5,322.5,65.1,4.6,5.329,103.137
11/1/20,W.P. Kuala Lumpur,1007.3,965,42.3,412.5,70.9,4.2,3.139,101.6869
11/1/20,W.P. Labuan,110.5,103.8,6.8,55.1,66.7,6.1,5.2831,115.2308
11/1/21,Johor,1694,1625.3,68.7,761.4,69,4.1,1.4854,103.7618
11/1/21,Kedah,905.3,868.2,37.1,488.7,64.9,4.1,6.1184,100.3685
11/1/21,Kelantan,696.6,669.4,27.2,411.2,62.9,3.9,6.1254,102.2381
11/1/21,Melaka,550,529,21.1,276.4,66.6,3.8,2.1896,102.2501
11/1/21,Negeri Sembilan,637.1,613,24.1,313.3,67,3.8,2.7258,101.9424
11/1/21,Pahang,755,726.6,28.4,390.8,65.9,3.8,3.8126,103.3256
11/1/21,Perak,1088.9,1043.1,45.8,566.9,65.8,4.2,4.5921,101.0901
11/1/21,Perlis,128.8,124.1,4.8,72.9,63.9,3.7,6.4449,100.2045
11/1/21,Pulau Pinang,799.1,769.1,30,377,67.9,3.8,5.4141,100.3288
11/1/21,Putrajaya,79.9,77,2.9,38.4,67.6,3.6,2.9264,101.6964
11/1/21,Sabah,1295.2,1217.7,77.5,684.2,65.4,6,5.9788,116.0753
11/1/21,Sarawak,1192.8,1137.4,55.3,559.3,68.1,4.6,1.5533,110.3592
11/1/21,Selangor,3260.5,3136.6,123.9,1323.1,71.1,3.8,3.0738,101.5183
11/1/21,Terengganu,598.7,571.9,26.8,328.4,64.6,4.5,5.329,103.137
11/1/21,W.P. Kuala Lumpur,979,940,39.1,418,70.1,4,3.139,101.6869
11/1/21,W.P. Labuan,109.2,102.8,6.4,58.7,65,5.9,5.2831,115.2308
11/1/22,Johor,1701.9,1646.4,55.4,774,68.7,3.3,1.4854,103.7618
11/1/22,Kedah,904.3,874,30.3,450,66.8,3.4,6.1184,100.3685
11/1/22,Kelantan,690.4,667.6,22.8,405.3,63,3.3,6.1254,102.2381
11/1/22,Melaka,546.7,533,13.7,261.9,67.6,2.5,2.1896,102.2501
11/1/22,Negeri Sembilan,647.4,628.5,18.9,325.5,66.5,2.9,2.7258,101.9424
11/1/22,Pahang,740.3,717.7,22.6,392.7,65.3,3,3.8126,103.3256
11/1/22,Perak,1096.2,1056.3,39.9,581.3,65.3,3.6,4.5921,101.0901
11/1/22,Perlis,129.7,126,3.7,72,64.3,2.9,6.4449,100.2045
11/1/22,Pulau Pinang,785.7,765.9,19.8,337.5,69.9,2.5,5.4141,100.3288
11/1/22,Putrajaya,77.7,75.7,2,35.5,68.6,2.6,2.9264,101.6964
11/1/22,Sabah,1279.9,1212.3,67.6,720.7,64,5.3,5.9788,116.0753
11/1/22,Sarawak,1183.2,1138.8,44.3,587.6,66.8,3.7,1.5533,110.3592
11/1/22,Selangor,3256.9,3156.3,100.6,1385,70.2,3.1,3.0738,101.5183
11/1/22,Terengganu,600,580.3,19.7,328.4,64.6,3.3,5.329,103.137
11/1/22,W.P. Kuala Lumpur,987.6,955.6,31.9,423.9,70,3.2,3.139,101.6869
11/1/22,W.P. Labuan,108.3,103,5.3,55.9,65.9,4.9,5.2831,115.2308
12/1/19,Johor,1704.4,1657.9,46.5,732.6,69.9,2.7,1.4854,103.7618
12/1/19,Kedah,891.5,866.7,24.9,464.8,65.7,2.8,6.1184,100.3685
12/1/19,Kelantan,689,669.1,19.9,398.1,63.4,2.9,6.1254,102.2381
12/1/19,Melaka,556.3,543.3,13,279.5,66.6,2.3,2.1896,102.2501
12/1/19,Negeri Sembilan,639,622.1,16.9,321.9,66.5,2.6,2.7258,101.9424
12/1/19,Pahang,748.7,728.7,20,388.3,65.8,2.7,3.8126,103.3256
12/1/19,Perak,1102.2,1068.7,33.5,609.4,64.4,3,4.5921,101.0901
12/1/19,Perlis,130.9,127.1,3.8,72.9,64.2,2.9,6.4449,100.2045
12/1/19,Pulau Pinang,802.4,783.3,19.1,340.3,70.2,2.4,5.4141,100.3288
12/1/19,Putrajaya,79.3,77.5,1.8,37.1,68.1,2.2,2.9264,101.6964
12/1/19,Sabah,1296,1233.9,62.1,743.4,63.5,4.8,5.9788,116.0753
12/1/19,Sarawak,1185.1,1147.3,37.8,597.9,66.5,3.2,1.5533,110.3592
12/1/19,Selangor,3311,3230,81,1350.4,71,2.4,3.0738,101.5183
12/1/19,Terengganu,605.4,585.6,19.8,319.7,65.4,3.3,5.329,103.137
12/1/19,W.P. Kuala Lumpur,993.5,966.3,27.2,419.1,70.3,2.7,3.139,101.6869
12/1/19,W.P. Labuan,108.4,103.5,4.9,55.9,66,4.6,5.2831,115.2308
12/1/20,Johor,1681.3,1615.3,66.1,740.6,69.4,3.9,1.4854,103.7618
12/1/20,Kedah,892.8,854.7,38.1,444.1,66.8,4.3,6.1184,100.3685
12/1/20,Kelantan,710.4,680.8,29.6,420.2,62.8,4.2,6.1254,102.2381
12/1/20,Melaka,548.7,527.2,21.5,257.5,68.1,3.9,2.1896,102.2501
12/1/20,Negeri Sembilan,657.4,630.6,26.8,327,66.8,4.1,2.7258,101.9424
12/1/20,Pahang,742.6,712.1,30.5,378,66.3,4.1,3.8126,103.3256
12/1/20,Perak,1091.8,1045.2,46.5,591.5,64.9,4.3,4.5921,101.0901
12/1/20,Perlis,129.6,124.2,5.4,69.6,65.1,4.2,6.4449,100.2045
12/1/20,Pulau Pinang,798,769.2,28.9,380,67.7,3.6,5.4141,100.3288
12/1/20,Putrajaya,80.8,77.5,3.3,37.8,68.1,4.1,2.9264,101.6964
12/1/20,Sabah,1296.6,1210,86.6,742.4,63.6,6.7,5.9788,116.0753
12/1/20,Sarawak,1198,1142.8,55.3,569.7,67.8,4.6,1.5533,110.3592
12/1/20,Selangor,3301.2,3169.2,132.1,1351.9,70.9,4,3.0738,101.5183
12/1/20,Terengganu,610.3,584.1,26.2,349.2,63.6,4.3,5.329,103.137
12/1/20,W.P. Kuala Lumpur,994.6,952.4,42.2,426.1,70,4.2,3.139,101.6869
12/1/20,W.P. Labuan,110.5,103.8,6.7,57.5,65.8,6.1,5.2831,115.2308
12/1/21,Johor,1674.5,1609.3,65.2,774.1,68.4,3.9,1.4854,103.7618
12/1/21,Kedah,911.1,874.4,36.7,477.4,65.6,4,6.1184,100.3685
12/1/21,Kelantan,696.2,667.2,29,406.3,63.1,4.2,6.1254,102.2381
12/1/21,Melaka,554.8,536,18.8,265,67.7,3.4,2.1896,102.2501
12/1/21,Negeri Sembilan,641,618.3,22.8,320.3,66.7,3.6,2.7258,101.9424
12/1/21,Pahang,753.1,720.1,32.9,392.8,65.7,4.4,3.8126,103.3256
12/1/21,Perak,1080.9,1039,41.9,578.9,65.1,3.9,4.5921,101.0901
12/1/21,Perlis,129.4,124.8,4.6,72.5,64.1,3.5,6.4449,100.2045
12/1/21,Pulau Pinang,801.9,773.8,28.1,341.4,70.1,3.5,5.4141,100.3288
12/1/21,Putrajaya,80.1,77.2,2.9,38.7,67.4,3.6,2.9264,101.6964
12/1/21,Sabah,1303.4,1223,80.4,713.8,64.6,6.2,5.9788,116.0753
12/1/21,Sarawak,1193,1139,54,624.7,65.6,4.5,1.5533,110.3592
12/1/21,Selangor,3296.3,3170.2,126.1,1386.4,70.4,3.8,3.0738,101.5183
12/1/21,Terengganu,596.5,568.9,27.6,325.7,64.7,4.6,5.329,103.137
12/1/21,W.P. Kuala Lumpur,986.6,950.9,35.7,410.3,70.6,3.6,3.139,101.6869
12/1/21,W.P. Labuan,109.3,102.8,6.5,53.4,67.2,5.9,5.2831,115.2308
12/1/22,Johor,1705.6,1649.1,56.6,761,69.1,3.3,1.4854,103.7618
12/1/22,Kedah,905,879.2,25.7,496.5,64.6,2.8,6.1184,100.3685
12/1/22,Kelantan,701,677.2,23.8,413.7,62.9,3.4,6.1254,102.2381
12/1/22,Melaka,554.3,539.1,15.3,256.5,68.4,2.8,2.1896,102.2501
12/1/22,Negeri Sembilan,638,619,19,318.1,66.7,3,2.7258,101.9424
12/1/22,Pahang,741.8,718.2,23.6,375.7,66.4,3.2,3.8126,103.3256
12/1/22,Perak,1101.4,1069,32.4,642.4,63.2,2.9,4.5921,101.0901
12/1/22,Perlis,132.5,128.9,3.6,75.6,63.7,2.7,6.4449,100.2045
12/1/22,Pulau Pinang,809.9,786.2,23.7,363.7,69,2.9,5.4141,100.3288
12/1/22,Putrajaya,79.3,77.1,2.2,40.2,66.3,2.7,2.9264,101.6964
12/1/22,Sabah,1303.6,1233.6,70,724.6,64.3,5.4,5.9788,116.0753
12/1/22,Sarawak,1208.4,1163.7,44.6,559.1,68.4,3.7,1.5533,110.3592
12/1/22,Selangor,3247.8,3146.2,101.6,1309.4,71.3,3.1,3.0738,101.5183
12/1/22,Terengganu,607.2,583.9,23.3,330.7,64.7,3.8,5.329,103.137
12/1/22,W.P. Kuala Lumpur,1009.3,980.5,28.8,401.4,71.5,2.8,3.139,101.6869
12/1/22,W.P. Labuan,109.4,104.3,5.1,56.8,65.8,4.7,5.2831,115.2308
2/1/19,Johor,1726.3,1676.9,49.3,774.1,69,2.9,1.4854,103.7618
2/1/19,Kedah,913.5,889.4,24.1,489.2,65.1,2.6,6.1184,100.3685
2/1/19,Kelantan,702.8,682.1,20.7,419.6,62.6,2.9,6.1254,102.2381
2/1/19,Melaka,563,547.8,15.2,271.3,67.5,2.7,2.1896,102.2501
2/1/19,Negeri Sembilan,644.7,627.7,17,320.4,66.8,2.6,2.7258,101.9424
2/1/19,Pahang,760.9,739.1,21.8,384.6,66.4,2.9,3.8126,103.3256
2/1/19,Perak,1105.7,1071.7,34,602.7,64.7,3.1,4.5921,101.0901
2/1/19,Perlis,130.9,127.5,3.4,76.1,63.2,2.6,6.4449,100.2045
2/1/19,Pulau Pinang,799.6,780.2,19.4,354.2,69.3,2.4,5.4141,100.3288
2/1/19,Putrajaya,80.6,78.8,1.8,39.7,67,2.2,2.9264,101.6964
2/1/19,Sabah,1320.2,1253.8,66.4,750.9,63.7,5,5.9788,116.0753
2/1/19,Sarawak,1217.9,1177.8,40.1,604.9,66.8,3.3,1.5533,110.3592
2/1/19,Selangor,3306.7,3223.3,83.5,1365,70.8,2.5,3.0738,101.5183
2/1/19,Terengganu,598,578.8,19.2,317.9,65.3,3.2,5.329,103.137
2/1/19,W.P. Kuala Lumpur,1008.8,980.6,28.1,426.4,70.3,2.8,3.139,101.6869
2/1/19,W.P. Labuan,111.7,106.8,4.9,57.7,65.9,4.4,5.2831,115.2308
2/1/20,Johor,1722.7,1651.8,70.9,785.6,68.7,4.1,1.4854,103.7618
2/1/20,Kedah,920.1,886.8,33.3,487.3,65.4,3.6,6.1184,100.3685
2/1/20,Kelantan,717.3,686.4,31,394.3,64.5,4.3,6.1254,102.2381
2/1/20,Melaka,544.1,523.2,20.9,258.3,67.8,3.8,2.1896,102.2501
2/1/20,Negeri Sembilan,654.4,627.5,26.9,332.2,66.3,4.1,2.7258,101.9424
2/1/20,Pahang,760.4,728.2,32.2,407.6,65.1,4.2,3.8126,103.3256
2/1/20,Perak,1132.1,1084.2,47.9,606.8,65.1,4.2,4.5921,101.0901
2/1/20,Perlis,130.9,125.9,5,72.5,64.4,3.9,6.4449,100.2045
2/1/20,Pulau Pinang,808.2,774.5,33.7,367.1,68.8,4.2,5.4141,100.3288
2/1/20,Putrajaya,78.6,75.5,3.1,36.2,68.5,4,2.9264,101.6964
2/1/20,Sabah,1309,1228.1,80.9,704.8,65,6.2,5.9788,116.0753
2/1/20,Sarawak,1217.4,1163.6,53.9,594.5,67.2,4.4,1.5533,110.3592
2/1/20,Selangor,3334.4,3203.2,131.2,1314.3,71.7,3.9,3.0738,101.5183
2/1/20,Terengganu,595,568.2,26.9,320.6,65,4.5,5.329,103.137
2/1/20,W.P. Kuala Lumpur,1005.2,967.5,37.8,431.8,70,3.8,3.139,101.6869
2/1/20,W.P. Labuan,109.2,102.8,6.3,55.5,66.3,5.8,5.2831,115.2308
2/1/21,Johor,1692.2,1623.1,69.1,770.7,68.7,4.1,1.4854,103.7618
2/1/21,Kedah,906.9,872.7,34.1,475.4,65.6,3.8,6.1184,100.3685
2/1/21,Kelantan,701.1,668.4,32.6,421.1,62.5,4.7,6.1254,102.2381
2/1/21,Melaka,556.4,536.4,20,255.5,68.5,3.6,2.1896,102.2501
2/1/21,Negeri Sembilan,654.4,633,21.4,328.6,66.6,3.3,2.7258,101.9424
2/1/21,Pahang,746.2,720.4,25.7,403.3,64.9,3.5,3.8126,103.3256
2/1/21,Perak,1096.4,1051.5,44.9,570,65.8,4.1,4.5921,101.0901
2/1/21,Perlis,132.8,127.3,5.5,73.9,64.2,4.2,6.4449,100.2045
2/1/21,Pulau Pinang,799.7,769.8,30,354,69.3,3.7,5.4141,100.3288
2/1/21,Putrajaya,80.7,78.1,2.7,38.4,67.8,3.3,2.9264,101.6964
2/1/21,Sabah,1303.8,1221.5,82.3,722.7,64.3,6.3,5.9788,116.0753
2/1/21,Sarawak,1203.8,1153.7,50.1,611.2,66.3,4.2,1.5533,110.3592
2/1/21,Selangor,3331.4,3210.1,121.3,1347.8,71.2,3.6,3.0738,101.5183
2/1/21,Terengganu,605.4,577.4,28,321.1,65.3,4.6,5.329,103.137
2/1/21,W.P. Kuala Lumpur,1024.2,986.3,37.9,423.1,70.8,3.7,3.139,101.6869
2/1/21,W.P. Labuan,112.8,106.1,6.7,58.9,65.7,5.9,5.2831,115.2308
2/1/22,Johor,1691.8,1643.2,48.7,755.6,69.1,2.9,1.4854,103.7618
2/1/22,Kedah,921,893.2,27.8,464.2,66.5,3,6.1184,100.3685
2/1/22,Kelantan,689,665.3,23.7,415,62.4,3.4,6.1254,102.2381
2/1/22,Melaka,561.4,547.5,13.9,256.2,68.7,2.5,2.1896,102.2501
2/1/22,Negeri Sembilan,657.6,640.7,16.9,315,67.6,2.6,2.7258,101.9424
2/1/22,Pahang,756.4,734.2,22.2,386.8,66.2,2.9,3.8126,103.3256
2/1/22,Perak,1089.2,1055,34.1,591.5,64.8,3.1,4.5921,101.0901
2/1/22,Perlis,130.9,127,3.9,74.7,63.7,3,6.4449,100.2045
2/1/22,Pulau Pinang,806.6,785.3,21.3,357.9,69.3,2.6,5.4141,100.3288
2/1/22,Putrajaya,81.3,78.9,2.4,37,68.7,2.9,2.9264,101.6964
2/1/22,Sabah,1305.9,1241.7,64.2,732.8,64.1,4.9,5.9788,116.0753
2/1/22,Sarawak,1216.1,1173.5,42.7,599,67,3.5,1.5533,110.3592
2/1/22,Selangor,3360.3,3276.1,84.2,1451.9,69.8,2.5,3.0738,101.5183
2/1/22,Terengganu,606.8,584.8,22.1,326.8,65,3.6,5.329,103.137
2/1/22,W.P. Kuala Lumpur,1004,972,32,422.2,70.4,3.2,3.139,101.6869
2/1/22,W.P. Labuan,111.5,106.6,4.9,57.8,65.8,4.4,5.2831,115.2308
3/1/19,Johor,1694.5,1645.7,48.8,782.8,68.4,2.9,1.4854,103.7618
3/1/19,Kedah,900.9,874.2,26.7,468.8,65.8,3,6.1184,100.3685
3/1/19,Kelantan,704.5,684.7,19.8,406,63.4,2.8,6.1254,102.2381
3/1/19,Melaka,554.4,540.9,13.5,267.8,67.4,2.4,2.1896,102.2501
3/1/19,Negeri Sembilan,662,644.2,17.8,341.6,66,2.7,2.7258,101.9424
3/1/19,Pahang,759.3,741,18.3,397.4,65.6,2.4,3.8126,103.3256
3/1/19,Perak,1111.8,1079,32.8,607.1,64.7,2.9,4.5921,101.0901
3/1/19,Perlis,131.3,127.7,3.6,70.8,65,2.8,6.4449,100.2045
3/1/19,Pulau Pinang,799.8,780.3,19.5,357.5,69.1,2.4,5.4141,100.3288
3/1/19,Putrajaya,80,78,2,39.9,66.7,2.6,2.9264,101.6964
3/1/19,Sabah,1330.7,1263.2,67.5,732.3,64.5,5.1,5.9788,116.0753
3/1/19,Sarawak,1229.6,1191.8,37.8,625.4,66.3,3.1,1.5533,110.3592
3/1/19,Selangor,3302.4,3225.7,76.8,1364.2,70.8,2.3,3.0738,101.5183
3/1/19,Terengganu,609.8,591.5,18.3,330.3,64.9,3,5.329,103.137
3/1/19,W.P. Kuala Lumpur,999.8,971.2,28.7,424.7,70.2,2.9,3.139,101.6869
3/1/19,W.P. Labuan,113.3,108.1,5.2,53.9,67.7,4.6,5.2831,115.2308
3/1/20,Johor,1704.9,1630.4,74.5,794.6,68.2,4.4,1.4854,103.7618
3/1/20,Kedah,912.1,874,38.2,440.6,67.4,4.2,6.1184,100.3685
3/1/20,Kelantan,709.7,677.3,32.4,418.6,62.9,4.6,6.1254,102.2381
3/1/20,Melaka,558.9,537.7,21.2,254.1,68.8,3.8,2.1896,102.2501
3/1/20,Negeri Sembilan,653.7,626.5,27.2,326.2,66.7,4.2,2.7258,101.9424
3/1/20,Pahang,768.7,737.9,30.9,400.9,65.7,4,3.8126,103.3256
3/1/20,Perak,1114.5,1064.4,50,604,64.9,4.5,4.5921,101.0901
3/1/20,Perlis,128.4,123.2,5.2,73.8,63.5,4,6.4449,100.2045
3/1/20,Pulau Pinang,789.4,760.9,28.6,364.3,68.4,3.6,5.4141,100.3288
3/1/20,Putrajaya,81.3,78.3,3,38.7,67.8,3.7,2.9264,101.6964
3/1/20,Sabah,1310.4,1227.2,83.2,715.9,64.7,6.4,5.9788,116.0753
3/1/20,Sarawak,1199.6,1141.9,57.7,591.8,67,4.8,1.5533,110.3592
3/1/20,Selangor,3300.8,3165.1,135.7,1384.3,70.5,4.1,3.0738,101.5183
3/1/20,Terengganu,604.7,576.3,28.4,320.1,65.4,4.7,5.329,103.137
3/1/20,W.P. Kuala Lumpur,1017,975.3,41.7,448.9,69.4,4.1,3.139,101.6869
3/1/20,W.P. Labuan,110.9,104.7,6.2,59,65.3,5.6,5.2831,115.2308
3/1/21,Johor,1714.1,1642.2,71.9,804.2,68.1,4.2,1.4854,103.7618
3/1/21,Kedah,922.7,886.1,36.5,485.5,65.5,4,6.1184,100.3685
3/1/21,Kelantan,701.9,671.4,30.6,418.9,62.6,4.4,6.1254,102.2381
3/1/21,Melaka,555.3,535.3,20,249,69,3.6,2.1896,102.2501
3/1/21,Negeri Sembilan,663,636.7,26.2,325.7,67.1,4,2.7258,101.9424
3/1/21,Pahang,754.1,724.9,29.2,389,66,3.9,3.8126,103.3256
3/1/21,Perak,1101.8,1055.2,46.6,583,65.4,4.2,4.5921,101.0901
3/1/21,Perlis,132.1,126.4,5.7,71.4,64.9,4.3,6.4449,100.2045
3/1/21,Pulau Pinang,805,777,28,357.9,69.2,3.5,5.4141,100.3288
3/1/21,Putrajaya,79.1,76,3.1,37,68.2,3.9,2.9264,101.6964
3/1/21,Sabah,1313.3,1227.6,85.7,750.3,63.6,6.5,5.9788,116.0753
3/1/21,Sarawak,1216.4,1159.9,56.4,602.7,66.9,4.6,1.5533,110.3592
3/1/21,Selangor,3261.4,3132.2,129.1,1411.6,69.8,4,3.0738,101.5183
3/1/21,Terengganu,606.4,580.7,25.7,324.4,65.2,4.2,5.329,103.137
3/1/21,W.P. Kuala Lumpur,1009.8,968.7,41,408.4,71.2,4.1,3.139,101.6869
3/1/21,W.P. Labuan,111.3,105,6.3,58,65.7,5.6,5.2831,115.2308
3/1/22,Johor,1702,1646.4,55.7,750.3,69.4,3.3,1.4854,103.7618
3/1/22,Kedah,923,895.8,27.3,486.7,65.5,3,6.1184,100.3685
3/1/22,Kelantan,712.2,690.3,21.9,417.7,63,3.1,6.1254,102.2381
3/1/22,Melaka,557.8,542.1,15.7,258.3,68.3,2.8,2.1896,102.2501
3/1/22,Negeri Sembilan,657.9,636.9,21,326.3,66.8,3.2,2.7258,101.9424
3/1/22,Pahang,750.7,728.2,22.5,392.9,65.6,3,3.8126,103.3256
3/1/22,Perak,1120.7,1087.7,32.9,627.6,64.1,2.9,4.5921,101.0901
3/1/22,Perlis,128.7,125,3.7,72.3,64,2.9,6.4449,100.2045
3/1/22,Pulau Pinang,804.9,784.2,20.7,355,69.4,2.6,5.4141,100.3288
3/1/22,Putrajaya,81,78.8,2.2,37.2,68.5,2.7,2.9264,101.6964
3/1/22,Sabah,1316,1244.5,71.5,746,63.8,5.4,5.9788,116.0753
3/1/22,Sarawak,1217.7,1175.5,42.2,611.1,66.6,3.5,1.5533,110.3592
3/1/22,Selangor,3367.4,3279.2,88.2,1359.7,71.2,2.6,3.0738,101.5183
3/1/22,Terengganu,609.9,586.3,23.7,337.9,64.3,3.9,5.329,103.137
3/1/22,W.P. Kuala Lumpur,1020.2,989.3,30.9,433.6,70.2,3,3.139,101.6869
3/1/22,W.P. Labuan,110.9,105.6,5.2,56.1,66.4,4.7,5.2831,115.2308
4/1/19,Johor,1700.9,1655.4,45.5,773.1,68.8,2.7,1.4854,103.7618
4/1/19,Kedah,906.5,881.8,24.8,453.8,66.6,2.7,6.1184,100.3685
4/1/19,Kelantan,705,686.2,18.8,425.2,62.4,2.7,6.1254,102.2381
4/1/19,Melaka,552.1,536.3,15.8,260.2,68,2.9,2.1896,102.2501
4/1/19,Negeri Sembilan,656.5,640.1,16.4,314.8,67.6,2.5,2.7258,101.9424
4/1/19,Pahang,747.6,728.5,19.1,395.2,65.4,2.6,3.8126,103.3256
4/1/19,Perak,1132.9,1098.2,34.8,623.4,64.5,3.1,4.5921,101.0901
4/1/19,Perlis,130,126.2,3.7,71.3,64.6,2.9,6.4449,100.2045
4/1/19,Pulau Pinang,805.7,787.4,18.3,362.4,69,2.3,5.4141,100.3288
4/1/19,Putrajaya,82,80,2,36.8,69,2.5,2.9264,101.6964
4/1/19,Sabah,1317.1,1254.4,62.6,749.7,63.7,4.8,5.9788,116.0753
4/1/19,Sarawak,1195.1,1153,42,585.9,67.1,3.5,1.5533,110.3592
4/1/19,Selangor,3333.9,3245.3,88.6,1366.4,70.9,2.7,3.0738,101.5183
4/1/19,Terengganu,613,593.3,19.7,328.2,65.1,3.2,5.329,103.137
4/1/19,W.P. Kuala Lumpur,1019.7,989.1,30.7,431.7,70.3,3,3.139,101.6869
4/1/19,W.P. Labuan,111.2,106.5,4.7,59.2,65.3,4.2,5.2831,115.2308
4/1/20,Johor,1713.1,1649,64.1,745.5,69.7,3.7,1.4854,103.7618
4/1/20,Kedah,894.3,855,39.3,472.2,65.4,4.4,6.1184,100.3685
4/1/20,Kelantan,708,678.5,29.5,407.7,63.5,4.2,6.1254,102.2381
4/1/20,Melaka,548.6,527.1,21.5,255,68.3,3.9,2.1896,102.2501
4/1/20,Negeri Sembilan,659.2,632.5,26.7,326.3,66.9,4.1,2.7258,101.9424
4/1/20,Pahang,757.7,725.4,32.3,382.3,66.5,4.3,3.8126,103.3256
4/1/20,Perak,1091.7,1042.6,49.1,623.4,63.7,4.5,4.5921,101.0901
4/1/20,Perlis,132.7,127.6,5.1,76.6,63.4,3.8,6.4449,100.2045
4/1/20,Pulau Pinang,807.7,774.1,33.6,353.5,69.6,4.2,5.4141,100.3288
4/1/20,Putrajaya,79.3,76.3,3,37.2,68.1,3.8,2.9264,101.6964
4/1/20,Sabah,1318,1236,82,748.6,63.8,6.2,5.9788,116.0753
4/1/20,Sarawak,1210.5,1157.3,53.2,601.1,66.8,4.4,1.5533,110.3592
4/1/20,Selangor,3396.2,3252.6,143.6,1316.1,72.1,4.2,3.0738,101.5183
4/1/20,Terengganu,599.7,570.7,29,315.7,65.5,4.8,5.329,103.137
4/1/20,W.P. Kuala Lumpur,1013.1,970.3,42.8,418.8,70.7,4.2,3.139,101.6869
4/1/20,W.P. Labuan,111.8,105.1,6.7,56.6,66.4,6,5.2831,115.2308
4/1/21,Johor,1687.9,1624.3,63.6,772.5,68.6,3.8,1.4854,103.7618
4/1/21,Kedah,899.1,867.8,31.3,462.5,66,3.5,6.1184,100.3685
4/1/21,Kelantan,710.4,680.9,29.5,409.2,63.5,4.1,6.1254,102.2381
4/1/21,Melaka,541.1,519.8,21.4,261.7,67.4,3.9,2.1896,102.2501
4/1/21,Negeri Sembilan,637.6,614.8,22.7,317,66.8,3.6,2.7258,101.9424
4/1/21,Pahang,762.5,732.2,30.4,400,65.6,4,3.8126,103.3256
4/1/21,Perak,1115.7,1070.5,45.3,572.2,66.1,4.1,4.5921,101.0901
4/1/21,Perlis,131.6,126,5.6,76.9,63.1,4.2,6.4449,100.2045
4/1/21,Pulau Pinang,800.8,772,28.8,365.5,68.7,3.6,5.4141,100.3288
4/1/21,Putrajaya,81,78.1,2.9,37.7,68.3,3.6,2.9264,101.6964
4/1/21,Sabah,1290.9,1208.4,82.5,721.8,64.1,6.4,5.9788,116.0753
4/1/21,Sarawak,1213.9,1160.8,53.1,624,66,4.4,1.5533,110.3592
4/1/21,Selangor,3353.1,3232.9,120.2,1445.7,69.9,3.6,3.0738,101.5183
4/1/21,Terengganu,610.5,582.5,28,326.4,65.2,4.6,5.329,103.137
4/1/21,W.P. Kuala Lumpur,1027.3,985.8,41.4,434.4,70.3,4,3.139,101.6869
4/1/21,W.P. Labuan,113.9,107.6,6.3,59,65.9,5.5,5.2831,115.2308
4/1/22,Johor,1704.2,1655,49.2,791.6,68.3,2.9,1.4854,103.7618
4/1/22,Kedah,891.3,861.4,30,450.3,66.4,3.4,6.1184,100.3685
4/1/22,Kelantan,716,691.4,24.7,438.4,62,3.4,6.1254,102.2381
4/1/22,Melaka,562.6,546.7,15.9,268.1,67.7,2.8,2.1896,102.2501
4/1/22,Negeri Sembilan,642.6,625.3,17.3,314.2,67.2,2.7,2.7258,101.9424
4/1/22,Pahang,758,734.4,23.6,407,65.1,3.1,3.8126,103.3256
4/1/22,Perak,1120.8,1087.5,33.3,616.1,64.5,3,4.5921,101.0901
4/1/22,Perlis,128.3,124.5,3.8,72.7,63.8,3,6.4449,100.2045
4/1/22,Pulau Pinang,794.5,773.8,20.7,352.4,69.3,2.6,5.4141,100.3288
4/1/22,Putrajaya,81.5,79.5,2,38.7,67.8,2.5,2.9264,101.6964
4/1/22,Sabah,1297.3,1225.7,71.5,740.3,63.7,5.5,5.9788,116.0753
4/1/22,Sarawak,1217.6,1173.5,44.1,601.8,66.9,3.6,1.5533,110.3592
4/1/22,Selangor,3290.3,3193.9,96.4,1342.6,71,2.9,3.0738,101.5183
4/1/22,Terengganu,602.4,581.6,20.7,320.6,65.3,3.4,5.329,103.137
4/1/22,W.P. Kuala Lumpur,1013.8,989.3,24.5,427.6,70.3,2.4,3.139,101.6869
4/1/22,W.P. Labuan,112.3,107,5.3,62.7,64.2,4.7,5.2831,115.2308
5/1/19,Johor,1702,1658.1,43.9,733.7,69.9,2.6,1.4854,103.7618
5/1/19,Kedah,896.4,873,23.5,453.9,66.4,2.6,6.1184,100.3685
5/1/19,Kelantan,703.5,681.9,21.6,414.9,62.9,3.1,6.1254,102.2381
5/1/19,Melaka,560.5,545.8,14.7,263.1,68.1,2.6,2.1896,102.2501
5/1/19,Negeri Sembilan,639.9,624.4,15.6,315.6,67,2.4,2.7258,101.9424
5/1/19,Pahang,744.6,725,19.6,392.7,65.5,2.6,3.8126,103.3256
5/1/19,Perak,1115.6,1083.2,32.4,622,64.2,2.9,4.5921,101.0901
5/1/19,Perlis,130,126.1,3.9,73.8,63.8,3,6.4449,100.2045
5/1/19,Pulau Pinang,808.3,789.2,19.1,349.7,69.8,2.4,5.4141,100.3288
5/1/19,Putrajaya,80.3,78.3,1.9,38.9,67.4,2.4,2.9264,101.6964
5/1/19,Sabah,1297.5,1232,65.5,734.1,63.9,5,5.9788,116.0753
5/1/19,Sarawak,1208.1,1169.2,38.9,612.7,66.3,3.2,1.5533,110.3592
5/1/19,Selangor,3324,3225.1,98.9,1260.2,72.5,3,3.0738,101.5183
5/1/19,Terengganu,597.9,579.9,18,324.4,64.8,3,5.329,103.137
5/1/19,W.P. Kuala Lumpur,999.1,969.7,29.4,424.3,70.2,2.9,3.139,101.6869
5/1/19,W.P. Labuan,109.7,105.3,4.5,57.5,65.6,4.1,5.2831,115.2308
5/1/20,Johor,1686.7,1610.1,76.7,722.6,70,4.5,1.4854,103.7618
5/1/20,Kedah,916.7,876.7,40.1,469,66.2,4.4,6.1184,100.3685
5/1/20,Kelantan,703.6,674.2,29.4,411.1,63.1,4.2,6.1254,102.2381
5/1/20,Melaka,554.9,534.7,20.2,260.7,68,3.6,2.1896,102.2501
5/1/20,Negeri Sembilan,652.9,624.5,28.5,322.3,67,4.4,2.7258,101.9424
5/1/20,Pahang,760.5,728.9,31.6,391.6,66,4.1,3.8126,103.3256
5/1/20,Perak,1106,1060.8,45.2,598.7,64.9,4.1,4.5921,101.0901
5/1/20,Perlis,130.5,125.3,5.2,74.8,63.6,3.9,6.4449,100.2045
5/1/20,Pulau Pinang,808.1,780.3,27.8,359.1,69.2,3.4,5.4141,100.3288
5/1/20,Putrajaya,80,76.8,3.2,38.3,67.6,4,2.9264,101.6964
5/1/20,Sabah,1304.9,1218.6,86.3,715.2,64.6,6.6,5.9788,116.0753
5/1/20,Sarawak,1218.3,1164.3,54,599.4,67,4.4,1.5533,110.3592
5/1/20,Selangor,3280.7,3147,133.7,1326.6,71.2,4.1,3.0738,101.5183
5/1/20,Terengganu,610.7,582.2,28.5,319.4,65.7,4.7,5.329,103.137
5/1/20,W.P. Kuala Lumpur,992.6,951.4,41.1,429.3,69.8,4.1,3.139,101.6869
5/1/20,W.P. Labuan,110.3,103.8,6.6,57.7,65.7,6,5.2831,115.2308
5/1/21,Johor,1690.9,1622.2,68.7,711.4,70.4,4.1,1.4854,103.7618
5/1/21,Kedah,897.9,863.1,34.8,451.3,66.5,3.9,6.1184,100.3685
5/1/21,Kelantan,701.7,674.1,27.7,406.2,63.3,3.9,6.1254,102.2381
5/1/21,Melaka,554.7,533.6,21,247.5,69.1,3.8,2.1896,102.2501
5/1/21,Negeri Sembilan,650.8,626.6,24.2,325,66.7,3.7,2.7258,101.9424
5/1/21,Pahang,751.8,721.1,30.7,391.2,65.8,4.1,3.8126,103.3256
5/1/21,Perak,1086.4,1042.7,43.7,571.8,65.5,4,4.5921,101.0901
5/1/21,Perlis,131.1,125.5,5.6,76,63.3,4.3,6.4449,100.2045
5/1/21,Pulau Pinang,814,787.1,26.8,355.9,69.6,3.3,5.4141,100.3288
5/1/21,Putrajaya,79.7,76.5,3.2,38.2,67.6,4,2.9264,101.6964
5/1/21,Sabah,1317.3,1239.8,77.4,733.2,64.2,5.9,5.9788,116.0753
5/1/21,Sarawak,1205.7,1151.3,54.4,588,67.2,4.5,1.5533,110.3592
5/1/21,Selangor,3322.3,3186.3,136,1345.5,71.2,4.1,3.0738,101.5183
5/1/21,Terengganu,610.4,583.3,27.1,354.2,63.3,4.4,5.329,103.137
5/1/21,W.P. Kuala Lumpur,1003.4,964,39.3,451.9,68.9,3.9,3.139,101.6869
5/1/21,W.P. Labuan,111.9,105.5,6.5,59.3,65.3,5.8,5.2831,115.2308
5/1/22,Johor,1689.9,1644,45.9,737.6,69.6,2.7,1.4854,103.7618
5/1/22,Kedah,914.7,889.4,25.3,471.9,66,2.8,6.1184,100.3685
5/1/22,Kelantan,699.4,675.1,24.3,421.6,62.4,3.5,6.1254,102.2381
5/1/22,Melaka,556.8,541.6,15.1,274.6,67,2.7,2.1896,102.2501
5/1/22,Negeri Sembilan,647.6,630.6,17,307.9,67.8,2.6,2.7258,101.9424
5/1/22,Pahang,765.8,744.6,21.2,394.8,66,2.8,3.8126,103.3256
5/1/22,Perak,1098,1065.7,32.3,603.9,64.5,2.9,4.5921,101.0901
5/1/22,Perlis,130.8,127.3,3.5,75.9,63.3,2.7,6.4449,100.2045
5/1/22,Pulau Pinang,801,780.5,20.4,378.3,67.9,2.5,5.4141,100.3288
5/1/22,Putrajaya,80.8,78.5,2.2,37.8,68.1,2.8,2.9264,101.6964
5/1/22,Sabah,1294.7,1220.9,73.8,744.9,63.5,5.7,5.9788,116.0753
5/1/22,Sarawak,1206.7,1168.7,37.9,590.4,67.1,3.1,1.5533,110.3592
5/1/22,Selangor,3294.9,3206.1,88.8,1337.4,71.1,2.7,3.0738,101.5183
5/1/22,Terengganu,608.4,586.9,21.6,338.1,64.3,3.5,5.329,103.137
5/1/22,W.P. Kuala Lumpur,999.1,970.4,28.7,426.2,70.1,2.9,3.139,101.6869
5/1/22,W.P. Labuan,110.3,105.1,5.1,57.2,65.9,4.7,5.2831,115.2308
6/1/19,Johor,1685.1,1643.8,41.3,759.1,68.9,2.4,1.4854,103.7618
6/1/19,Kedah,886.8,865.1,21.7,431.3,67.3,2.4,6.1184,100.3685
6/1/19,Kelantan,692.3,667.5,24.8,387.7,64.1,3.6,6.1254,102.2381
6/1/19,Melaka,543.6,529.6,14,258.4,67.8,2.6,2.1896,102.2501
6/1/19,Negeri Sembilan,661.2,644.4,16.9,334.5,66.4,2.6,2.7258,101.9424
6/1/19,Pahang,755.8,736,19.8,384.9,66.3,2.6,3.8126,103.3256
6/1/19,Perak,1098.5,1067.2,31.3,613.2,64.2,2.9,4.5921,101.0901
6/1/19,Perlis,129.7,126.2,3.5,72.5,64.1,2.7,6.4449,100.2045
6/1/19,Pulau Pinang,803.8,784.2,19.5,350.9,69.6,2.4,5.4141,100.3288
6/1/19,Putrajaya,79.6,77.6,2,37.2,68.2,2.5,2.9264,101.6964
6/1/19,Sabah,1304.6,1239.3,65.2,732.8,64,5,5.9788,116.0753
6/1/19,Sarawak,1191.3,1153.5,37.9,581.8,67.2,3.2,1.5533,110.3592
6/1/19,Selangor,3369.1,3278.9,90.2,1313.8,71.9,2.7,3.0738,101.5183
6/1/19,Terengganu,595.4,574.4,21.1,330.1,64.3,3.5,5.329,103.137
6/1/19,W.P. Kuala Lumpur,1002.6,979.1,23.6,423.8,70.3,2.4,3.139,101.6869
6/1/19,W.P. Labuan,111,106.3,4.7,56.5,66.3,4.3,5.2831,115.2308
6/1/20,Johor,1693.2,1621.1,72,755.5,69.1,4.3,1.4854,103.7618
6/1/20,Kedah,889.7,850.7,39,464.3,65.7,4.4,6.1184,100.3685
6/1/20,Kelantan,691.9,664,27.9,428.9,61.7,4,6.1254,102.2381
6/1/20,Melaka,550.2,528.8,21.3,258.7,68,3.9,2.1896,102.2501
6/1/20,Negeri Sembilan,657.9,631.1,26.8,348.1,65.4,4.1,2.7258,101.9424
6/1/20,Pahang,761.7,731.1,30.7,404.4,65.3,4,3.8126,103.3256
6/1/20,Perak,1091.7,1045.5,46.2,601.8,64.5,4.2,4.5921,101.0901
6/1/20,Perlis,131.9,126.4,5.4,70.7,65.1,4.1,6.4449,100.2045
6/1/20,Pulau Pinang,815.2,781.4,33.8,365.9,69,4.2,5.4141,100.3288
6/1/20,Putrajaya,78.8,75.8,3.1,37.2,68,3.9,2.9264,101.6964
6/1/20,Sabah,1298.8,1214.7,84.1,728.1,64.1,6.5,5.9788,116.0753
6/1/20,Sarawak,1238.1,1182.9,55.2,595.9,67.5,4.5,1.5533,110.3592
6/1/20,Selangor,3332,3202,130,1375.3,70.8,3.9,3.0738,101.5183
6/1/20,Terengganu,605.5,576.7,28.8,325.7,65,4.8,5.329,103.137
6/1/20,W.P. Kuala Lumpur,1000.1,958.3,41.9,424.5,70.2,4.2,3.139,101.6869
6/1/20,W.P. Labuan,107.9,101.7,6.2,54.6,66.4,5.7,5.2831,115.2308
6/1/21,Johor,1690.8,1629.5,61.3,749.8,69.3,3.6,1.4854,103.7618
6/1/21,Kedah,916.8,881.3,35.4,464.7,66.4,3.9,6.1184,100.3685
6/1/21,Kelantan,704,672.8,31.2,428.7,62.2,4.4,6.1254,102.2381
6/1/21,Melaka,548.2,528.5,19.7,259.4,67.9,3.6,2.1896,102.2501
6/1/21,Negeri Sembilan,646.2,621.3,24.9,312.3,67.4,3.9,2.7258,101.9424
6/1/21,Pahang,754.9,724.7,30.2,389,66,4,3.8126,103.3256
6/1/21,Perak,1095.4,1053.9,41.5,555.8,66.3,3.8,4.5921,101.0901
6/1/21,Perlis,131.6,126.6,5,71.4,64.8,3.8,6.4449,100.2045
6/1/21,Pulau Pinang,817.8,786.8,31,357.3,69.6,3.8,5.4141,100.3288
6/1/21,Putrajaya,77.6,74.6,3,37.8,67.3,3.9,2.9264,101.6964
6/1/21,Sabah,1300.4,1220.3,80.1,735.6,63.9,6.2,5.9788,116.0753
6/1/21,Sarawak,1204.7,1151.2,53.4,571.1,67.8,4.4,1.5533,110.3592
6/1/21,Selangor,3269.9,3139.6,130.3,1303.7,71.5,4,3.0738,101.5183
6/1/21,Terengganu,603.9,577.1,26.8,318.8,65.4,4.4,5.329,103.137
6/1/21,W.P. Kuala Lumpur,990.7,955.3,35.4,435.2,69.5,3.6,3.139,101.6869
6/1/21,W.P. Labuan,110.3,104.1,6.2,56.9,65.9,5.6,5.2831,115.2308
6/1/22,Johor,1692.7,1641,51.7,743.6,69.5,3.1,1.4854,103.7618
6/1/22,Kedah,897.2,867.3,30,460.9,66.1,3.3,6.1184,100.3685
6/1/22,Kelantan,690.6,670.4,20.2,397.6,63.5,2.9,6.1254,102.2381
6/1/22,Melaka,551.2,535.2,16,248.3,68.9,2.9,2.1896,102.2501
6/1/22,Negeri Sembilan,651.1,632.2,18.9,325.6,66.7,2.9,2.7258,101.9424
6/1/22,Pahang,748.1,726.1,22,393.5,65.5,2.9,3.8126,103.3256
6/1/22,Perak,1102.2,1068.7,33.5,605.6,64.5,3,4.5921,101.0901
6/1/22,Perlis,128.2,124.1,4.1,71.4,64.2,3.2,6.4449,100.2045
6/1/22,Pulau Pinang,801.9,780.1,21.8,350.6,69.6,2.7,5.4141,100.3288
6/1/22,Putrajaya,80,77.7,2.3,36,69,2.8,2.9264,101.6964
6/1/22,Sabah,1305.1,1236.2,68.9,728.3,64.2,5.3,5.9788,116.0753
6/1/22,Sarawak,1193.6,1152.9,40.7,553.3,68.3,3.4,1.5533,110.3592
6/1/22,Selangor,3278,3181.3,96.7,1322,71.3,3,3.0738,101.5183
6/1/22,Terengganu,591.6,570.4,21.2,309.2,65.7,3.6,5.329,103.137
6/1/22,W.P. Kuala Lumpur,988.9,958,30.9,409.6,70.7,3.1,3.139,101.6869
6/1/22,W.P. Labuan,108.6,103.3,5.4,53.3,67.1,4.9,5.2831,115.2308
7/1/19,Johor,1686.5,1640.2,46.4,759.9,68.9,2.7,1.4854,103.7618
7/1/19,Kedah,896.9,877.3,19.6,444.1,66.9,2.2,6.1184,100.3685
7/1/19,Kelantan,694.8,673.6,21.3,406.2,63.1,3.1,6.1254,102.2381
7/1/19,Melaka,545.2,531.2,14,269.2,66.9,2.6,2.1896,102.2501
7/1/19,Negeri Sembilan,658,639.7,18.2,337.8,66.1,2.8,2.7258,101.9424
7/1/19,Pahang,743.8,725.3,18.5,383.8,66,2.5,3.8126,103.3256
7/1/19,Perak,1090.8,1057.9,32.9,567.5,65.8,3,4.5921,101.0901
7/1/19,Perlis,131.6,127.8,3.8,71.8,64.7,2.9,6.4449,100.2045
7/1/19,Pulau Pinang,810,789.2,20.8,359.4,69.3,2.6,5.4141,100.3288
7/1/19,Putrajaya,78.8,77,1.8,37,68,2.3,2.9264,101.6964
7/1/19,Sabah,1289.6,1227,62.7,724.2,64,4.9,5.9788,116.0753
7/1/19,Sarawak,1205.9,1165.4,40.5,613.1,66.3,3.4,1.5533,110.3592
7/1/19,Selangor,3277.2,3187.1,90.1,1293.3,71.7,2.8,3.0738,101.5183
7/1/19,Terengganu,607.9,589.8,18.2,321.1,65.4,3,5.329,103.137
7/1/19,W.P. Kuala Lumpur,994.3,968.5,25.8,440.6,69.3,2.6,3.139,101.6869
7/1/19,W.P. Labuan,111.1,106.3,4.8,56.3,66.4,4.4,5.2831,115.2308
7/1/20,Johor,1679.7,1613.7,66,737.2,69.5,3.9,1.4854,103.7618
7/1/20,Kedah,891.8,855.4,36.5,466.7,65.6,4.1,6.1184,100.3685
7/1/20,Kelantan,698.5,666.7,31.7,420.9,62.4,4.5,6.1254,102.2381
7/1/20,Melaka,547.6,528.4,19.2,271.4,66.9,3.5,2.1896,102.2501
7/1/20,Negeri Sembilan,646.7,620.9,25.7,320.4,66.9,4,2.7258,101.9424
7/1/20,Pahang,746,714,32,382,66.1,4.3,3.8126,103.3256
7/1/20,Perak,1082.3,1038.1,44.2,601,64.3,4.1,4.5921,101.0901
7/1/20,Perlis,129.7,124.4,5.3,70.6,64.7,4.1,6.4449,100.2045
7/1/20,Pulau Pinang,776,747.8,28.2,365.5,68,3.6,5.4141,100.3288
7/1/20,Putrajaya,78.7,75.6,3.1,37.8,67.5,4,2.9264,101.6964
7/1/20,Sabah,1286.2,1203.8,82.4,731.2,63.8,6.4,5.9788,116.0753
7/1/20,Sarawak,1190.3,1137.1,53.1,569.7,67.6,4.5,1.5533,110.3592
7/1/20,Selangor,3255,3134.8,120.2,1311,71.3,3.7,3.0738,101.5183
7/1/20,Terengganu,599.3,571.3,28,321.8,65.1,4.7,5.329,103.137
7/1/20,W.P. Kuala Lumpur,1010.9,965.3,45.6,441,69.6,4.5,3.139,101.6869
7/1/20,W.P. Labuan,109.2,102.7,6.5,58.2,65.2,5.9,5.2831,115.2308
7/1/21,Johor,1680.2,1617.7,62.5,747.3,69.2,3.7,1.4854,103.7618
7/1/21,Kedah,908.4,872.5,36,469.8,65.9,4,6.1184,100.3685
7/1/21,Kelantan,712.8,683.3,29.5,402.5,63.9,4.1,6.1254,102.2381
7/1/21,Melaka,544,523.3,20.7,258.3,67.8,3.8,2.1896,102.2501
7/1/21,Negeri Sembilan,646.1,619.6,26.4,321.6,66.8,4.1,2.7258,101.9424
7/1/21,Pahang,745.4,716.2,29.2,360.9,67.4,3.9,3.8126,103.3256
7/1/21,Perak,1114.1,1066.3,47.8,594.3,65.2,4.3,4.5921,101.0901
7/1/21,Perlis,128.4,123.2,5.3,73.8,63.5,4.1,6.4449,100.2045
7/1/21,Pulau Pinang,803.9,777,26.9,360.8,69,3.3,5.4141,100.3288
7/1/21,Putrajaya,79,76.2,2.7,36.3,68.5,3.4,2.9264,101.6964
7/1/21,Sabah,1275.8,1201.2,74.6,744.7,63.1,5.8,5.9788,116.0753
7/1/21,Sarawak,1195.3,1142.8,52.6,570.9,67.7,4.4,1.5533,110.3592
7/1/21,Selangor,3208.9,3088,120.9,1318,70.9,3.8,3.0738,101.5183
7/1/21,Terengganu,609.6,582.6,27,341,64.1,4.4,5.329,103.137
7/1/21,W.P. Kuala Lumpur,1012.1,971.4,40.6,428.2,70.3,4,3.139,101.6869
7/1/21,W.P. Labuan,109.6,103.2,6.4,56,66.2,5.9,5.2831,115.2308
7/1/22,Johor,1691,1636.6,54.4,773.9,68.6,3.2,1.4854,103.7618
7/1/22,Kedah,899.8,874.2,25.6,463.3,66,2.8,6.1184,100.3685
7/1/22,Kelantan,697.4,676.3,21.2,410.3,63,3,6.1254,102.2381
7/1/22,Melaka,539.2,526.9,12.3,249.8,68.3,2.3,2.1896,102.2501
7/1/22,Negeri Sembilan,648.1,627.6,20.5,323.4,66.7,3.2,2.7258,101.9424
7/1/22,Pahang,742.5,720.9,21.7,375.8,66.4,2.9,3.8126,103.3256
7/1/22,Perak,1095.8,1061.7,34.1,578.6,65.4,3.1,4.5921,101.0901
7/1/22,Perlis,130.6,126.5,4.1,75.4,63.4,3.2,6.4449,100.2045
7/1/22,Pulau Pinang,803.4,778.6,24.8,354.3,69.4,3.1,5.4141,100.3288
7/1/22,Putrajaya,81,78.6,2.3,37.8,68.2,2.9,2.9264,101.6964
7/1/22,Sabah,1283.6,1218.1,65.5,748.3,63.2,5.1,5.9788,116.0753
7/1/22,Sarawak,1201.9,1159.6,42.3,584,67.3,3.5,1.5533,110.3592
7/1/22,Selangor,3246.4,3160.2,86.2,1296.6,71.5,2.7,3.0738,101.5183
7/1/22,Terengganu,604,581.8,22.2,301.3,66.7,3.7,5.329,103.137
7/1/22,W.P. Kuala Lumpur,1000.8,974.4,26.4,435,69.7,2.6,3.139,101.6869
7/1/22,W.P. Labuan,108.8,103.9,4.9,57.7,65.3,4.5,5.2831,115.2308
8/1/19,Johor,1673.9,1623.1,50.7,745.5,69.2,3,1.4854,103.7618
8/1/19,Kedah,897.7,872.9,24.8,491.4,64.6,2.8,6.1184,100.3685
8/1/19,Kelantan,694.4,671.4,23.1,403.5,63.2,3.3,6.1254,102.2381
8/1/19,Melaka,533.9,519.9,14,255.4,67.6,2.6,2.1896,102.2501
8/1/19,Negeri Sembilan,634.1,617.1,17,300,67.9,2.7,2.7258,101.9424
8/1/19,Pahang,749.9,728.4,21.5,392.2,65.7,2.9,3.8126,103.3256
8/1/19,Perak,1102.2,1069.7,32.5,589.9,65.1,2.9,4.5921,101.0901
8/1/19,Perlis,129.2,125.6,3.6,74.3,63.5,2.8,6.4449,100.2045
8/1/19,Pulau Pinang,791.9,771.3,20.6,351.9,69.2,2.6,5.4141,100.3288
8/1/19,Putrajaya,80.4,78.5,1.8,39.5,67,2.2,2.9264,101.6964
8/1/19,Sabah,1275,1207.5,67.5,719.5,63.9,5.3,5.9788,116.0753
8/1/19,Sarawak,1180.7,1142.4,38.3,594.6,66.5,3.2,1.5533,110.3592
8/1/19,Selangor,3299.3,3204.7,94.6,1347.1,71,2.9,3.0738,101.5183
8/1/19,Terengganu,599.9,579.5,20.5,315.9,65.5,3.4,5.329,103.137
8/1/19,W.P. Kuala Lumpur,1014.6,991.3,23.3,437.4,69.9,2.3,3.139,101.6869
8/1/19,W.P. Labuan,110.8,105.8,5,57.8,65.7,4.5,5.2831,115.2308
8/1/20,Johor,1694.7,1620.2,74.5,774.8,68.6,4.4,1.4854,103.7618
8/1/20,Kedah,902.6,864.7,38,447.4,66.9,4.2,6.1184,100.3685
8/1/20,Kelantan,703.5,673,30.5,433.5,61.9,4.3,6.1254,102.2381
8/1/20,Melaka,540.5,520,20.5,253.5,68.1,3.8,2.1896,102.2501
8/1/20,Negeri Sembilan,643.3,617.8,25.5,300.9,68.1,4,2.7258,101.9424
8/1/20,Pahang,746.6,715.9,30.7,387,65.9,4.1,3.8126,103.3256
8/1/20,Perak,1090.5,1041.1,49.4,580.3,65.3,4.5,4.5921,101.0901
8/1/20,Perlis,131,125.4,5.7,73.1,64.2,4.3,6.4449,100.2045
8/1/20,Pulau Pinang,783.9,752.6,31.3,353,68.9,4,5.4141,100.3288
8/1/20,Putrajaya,81.1,77.9,3.2,38.2,68,4,2.9264,101.6964
8/1/20,Sabah,1300,1214.5,85.5,727.2,64.1,6.6,5.9788,116.0753
8/1/20,Sarawak,1195.5,1139.8,55.7,569.9,67.7,4.7,1.5533,110.3592
8/1/20,Selangor,3259.7,3148.4,111.3,1318.4,71.2,3.4,3.0738,101.5183
8/1/20,Terengganu,597.1,571.1,26,353.5,62.8,4.4,5.329,103.137
8/1/20,W.P. Kuala Lumpur,995.9,957.3,38.5,421,70.3,3.9,3.139,101.6869
8/1/20,W.P. Labuan,108.3,102,6.3,53.8,66.8,5.8,5.2831,115.2308
8/1/21,Johor,1690.9,1625.3,65.6,755.9,69.1,3.9,1.4854,103.7618
8/1/21,Kedah,892,859.1,32.9,467.2,65.6,3.7,6.1184,100.3685
8/1/21,Kelantan,691.5,662,29.5,417.8,62.3,4.3,6.1254,102.2381
8/1/21,Melaka,538.9,520.2,18.7,248.7,68.4,3.5,2.1896,102.2501
8/1/21,Negeri Sembilan,640.7,614.6,26,320.9,66.6,4.1,2.7258,101.9424
8/1/21,Pahang,746,716.1,29.8,386.5,65.9,4,3.8126,103.3256
8/1/21,Perak,1067.3,1019.3,48,575.4,65,4.5,4.5921,101.0901
8/1/21,Perlis,129,123.7,5.3,72.5,64,4.1,6.4449,100.2045
8/1/21,Pulau Pinang,800.2,774.1,26.1,380,67.8,3.3,5.4141,100.3288
8/1/21,Putrajaya,78.4,75.6,2.7,34.9,69.2,3.5,2.9264,101.6964
8/1/21,Sabah,1291.5,1208,83.5,740.1,63.6,6.5,5.9788,116.0753
8/1/21,Sarawak,1185.8,1136.7,49.2,615.3,65.8,4.1,1.5533,110.3592
8/1/21,Selangor,3180.7,3061,119.7,1308,70.9,3.8,3.0738,101.5183
8/1/21,Terengganu,592.3,564.2,28.1,309.9,65.6,4.7,5.329,103.137
8/1/21,W.P. Kuala Lumpur,989.6,949.8,39.8,450.5,68.7,4,3.139,101.6869
8/1/21,W.P. Labuan,109.7,103.2,6.5,56,66.2,5.9,5.2831,115.2308
8/1/22,Johor,1680,1624.7,55.3,758.5,68.9,3.3,1.4854,103.7618
8/1/22,Kedah,891.9,865.5,26.4,453,66.3,3,6.1184,100.3685
8/1/22,Kelantan,691.5,671.5,20.1,421.1,62.2,2.9,6.1254,102.2381
8/1/22,Melaka,543.8,530,13.8,255.5,68,2.5,2.1896,102.2501
8/1/22,Negeri Sembilan,644.1,628.2,15.9,316.8,67,2.5,2.7258,101.9424
8/1/22,Pahang,736.6,714,22.7,375.4,66.2,3.1,3.8126,103.3256
8/1/22,Perak,1077.8,1041.1,36.7,577.9,65.1,3.4,4.5921,101.0901
8/1/22,Perlis,129.9,126,3.9,73.2,63.9,3,6.4449,100.2045
8/1/22,Pulau Pinang,788,766.5,21.6,349.4,69.3,2.7,5.4141,100.3288
8/1/22,Putrajaya,79.5,77.2,2.3,37,68.2,2.9,2.9264,101.6964
8/1/22,Sabah,1296.9,1226.1,70.9,727,64.1,5.5,5.9788,116.0753
8/1/22,Sarawak,1190.7,1147,43.7,574.1,67.5,3.7,1.5533,110.3592
8/1/22,Selangor,3244.9,3140.8,104.1,1396.3,69.9,3.2,3.0738,101.5183
8/1/22,Terengganu,596.3,575.7,20.6,335.9,64,3.5,5.329,103.137
8/1/22,W.P. Kuala Lumpur,999.1,970.1,28.9,431.6,69.8,2.9,3.139,101.6869
8/1/22,W.P. Labuan,110.6,105.5,5.1,58.6,65.4,4.6,5.2831,115.2308
9/1/19,Johor,1655.8,1608,47.8,760.6,68.5,2.9,1.4854,103.7618
9/1/19,Kedah,895.7,874.1,21.7,458,66.2,2.4,6.1184,100.3685
9/1/19,Kelantan,676.8,657.2,19.7,396.9,63,2.9,6.1254,102.2381
9/1/19,Melaka,547,533.2,13.8,252.5,68.4,2.5,2.1896,102.2501
9/1/19,Negeri Sembilan,648.4,630.9,17.5,317.4,67.1,2.7,2.7258,101.9424
9/1/19,Pahang,737.2,717,20.2,381.6,65.9,2.7,3.8126,103.3256
9/1/19,Perak,1098,1065,33,597.4,64.8,3,4.5921,101.0901
9/1/19,Perlis,128.4,124.5,3.8,72.4,63.9,3,6.4449,100.2045
9/1/19,Pulau Pinang,776.1,759.7,16.3,361.5,68.2,2.1,5.4141,100.3288
9/1/19,Putrajaya,79.5,77.5,2.1,38.5,67.4,2.6,2.9264,101.6964
9/1/19,Sabah,1256.7,1191.9,64.7,719.4,63.6,5.1,5.9788,116.0753
9/1/19,Sarawak,1184.6,1144.1,40.5,580.3,67.1,3.4,1.5533,110.3592
9/1/19,Selangor,3310.8,3215.8,95,1355,71,2.9,3.0738,101.5183
9/1/19,Terengganu,594.6,575.6,18.9,327.3,64.5,3.2,5.329,103.137
9/1/19,W.P. Kuala Lumpur,975.2,949.6,25.6,428.6,69.5,2.6,3.139,101.6869
9/1/19,W.P. Labuan,109.8,105.1,4.6,54,67,4.2,5.2831,115.2308
9/1/20,Johor,1710.5,1642.1,68.4,765.7,69.1,4,1.4854,103.7618
9/1/20,Kedah,890,856,34.1,458.9,66,3.8,6.1184,100.3685
9/1/20,Kelantan,691.2,659.5,31.7,413.8,62.6,4.6,6.1254,102.2381
9/1/20,Melaka,544.7,523.6,21.1,258.3,67.8,3.9,2.1896,102.2501
9/1/20,Negeri Sembilan,645,620.4,24.5,312.4,67.4,3.8,2.7258,101.9424
9/1/20,Pahang,734.7,705.2,29.5,367.4,66.7,4,3.8126,103.3256
9/1/20,Perak,1073.4,1026.3,47.2,571.3,65.3,4.4,4.5921,101.0901
9/1/20,Perlis,126.7,121.2,5.5,70.8,64.1,4.3,6.4449,100.2045
9/1/20,Pulau Pinang,795,767,28,350.9,69.4,3.5,5.4141,100.3288
9/1/20,Putrajaya,79.5,76.4,3,36.7,68.4,3.8,2.9264,101.6964
9/1/20,Sabah,1291.3,1209.9,81.4,732.1,63.8,6.3,5.9788,116.0753
9/1/20,Sarawak,1198.4,1139,59.4,566.9,67.9,5,1.5533,110.3592
9/1/20,Selangor,3310.4,3175.6,134.8,1356.5,70.9,4.1,3.0738,101.5183
9/1/20,Terengganu,598.6,570.3,28.3,321.3,65.1,4.7,5.329,103.137
9/1/20,W.P. Kuala Lumpur,998.2,958.8,39.5,428.5,70,4,3.139,101.6869
9/1/20,W.P. Labuan,108.4,102,6.4,54.9,66.4,5.9,5.2831,115.2308
9/1/21,Johor,1695.7,1631.1,64.7,798.4,68,3.8,1.4854,103.7618
9/1/21,Kedah,904.6,867.8,36.8,469.3,65.8,4.1,6.1184,100.3685
9/1/21,Kelantan,694.7,663.6,31.1,409.1,62.9,4.5,6.1254,102.2381
9/1/21,Melaka,543.2,524,19.2,268.4,66.9,3.5,2.1896,102.2501
9/1/21,Negeri Sembilan,647.1,624.5,22.6,315.3,67.2,3.5,2.7258,101.9424
9/1/21,Pahang,737.1,708.9,28.2,385.6,65.7,3.8,3.8126,103.3256
9/1/21,Perak,1073.9,1031.4,42.5,587.9,64.6,4,4.5921,101.0901
9/1/21,Perlis,129.7,124.6,5.2,71.4,64.5,4,6.4449,100.2045
9/1/21,Pulau Pinang,788.9,761.8,27.1,353,69.1,3.4,5.4141,100.3288
9/1/21,Putrajaya,79.1,76.3,2.8,36.7,68.3,3.6,2.9264,101.6964
9/1/21,Sabah,1272.1,1194.8,77.3,733.2,63.4,6.1,5.9788,116.0753
9/1/21,Sarawak,1174,1120.7,53.4,575.7,67.1,4.5,1.5533,110.3592
9/1/21,Selangor,3214.6,3093.9,120.7,1312.1,71,3.8,3.0738,101.5183
9/1/21,Terengganu,596,571,25.1,321.1,65,4.2,5.329,103.137
9/1/21,W.P. Kuala Lumpur,977.4,937.2,40.1,418.5,70,4.1,3.139,101.6869
9/1/21,W.P. Labuan,106.5,100.1,6.3,54.3,66.2,5.9,5.2831,115.2308
9/1/22,Johor,1698.5,1644.2,54.3,758.8,69.1,3.2,1.4854,103.7618
9/1/22,Kedah,888.7,861.8,26.9,457,66,3,6.1184,100.3685
9/1/22,Kelantan,694.5,670.8,23.7,399.8,63.5,3.4,6.1254,102.2381
9/1/22,Melaka,544.7,529.4,15.3,262.1,67.5,2.8,2.1896,102.2501
9/1/22,Negeri Sembilan,643.3,621.8,21.5,315.2,67.1,3.3,2.7258,101.9424
9/1/22,Pahang,738.6,714.8,23.7,376.2,66.3,3.2,3.8126,103.3256
9/1/22,Perak,1090.1,1056,34.1,551.5,66.4,3.1,4.5921,101.0901
9/1/22,Perlis,129.1,125.2,3.9,74.2,63.5,3,6.4449,100.2045
9/1/22,Pulau Pinang,794,772,21.9,348.3,69.5,2.8,5.4141,100.3288
9/1/22,Putrajaya,78.6,76.5,2.1,36.3,68.4,2.7,2.9264,101.6964
9/1/22,Sabah,1303.4,1235.2,68.2,735,63.9,5.2,5.9788,116.0753
9/1/22,Sarawak,1220.4,1179.5,41,594.7,67.2,3.4,1.5533,110.3592
9/1/22,Selangor,3244.1,3143.9,100.2,1361.7,70.4,3.1,3.0738,101.5183
9/1/22,Terengganu,591.8,570.6,21.2,317.6,65.1,3.6,5.329,103.137
9/1/22,W.P. Kuala Lumpur,997.3,969.5,27.8,437.8,69.5,2.8,3.139,101.6869
9/1/22,W.P. Labuan,109.1,103.8,5.3,55.3,66.4,4.9,5.2831,115.2308